product_id,Artículo,Product Type,Categoría,Valor de costo,Descripción
95efc655-c08d-4cde-8a0e-7c96fba60cff,1018 BLANCA,Storable Product,Tapa,$0.14,1018 BLANCA
a0ac5412-6208-4c55-b3f5-71d49febe4fb,1018 NEGRA,Storable Product,Tapa,$0.14,1018 - 10 ALTURA 18 MM COLOR NEGRA
23aa417b-bce5-4ff0-91b4-044cbae3be98,1018 TRANSPARENTE,Storable Product,Tapa,$0.00,1018 TRANSPARENTE
b9ad5008-9fb6-44d6-8d82-d49768267068,1037 NEGRA,Storable Product,Tapa,$0.28,TAPA 10 ALTURA 37 MM COLOR NEGRA
7117fe68-fd0a-4c26-a9b0-21a20634cb01,1037 TRANSPARENTE,Storable Product,Tapa,$0.00,1037 TRANSPARENTE
584caa11-791d-4168-97b7-84e8ae637ad6,1323 BLANCA,Storable Product,Tapa,$0.28,1323 BLANCA
f0d9c6e9-7f45-47c2-af46-ef28fdb4e57f,1323 NEGRA,Storable Product,Tapa,$0.28,1323 NEGRA
0c3416e4-878e-4476-aa8e-8043bd4fde0c,1330 BLANCA,Storable Product,Tapa,$0.00,1330 BLANCA
49ab1bfa-ecdd-4afd-8846-9f28cdfed586,1330 NEGRA,Storable Product,Tapa,$0.00,1330 NEGRA
0828b5d9-53fd-4366-a12a-0a724eb20921,1330 YADIS NGA,Storable Product,Tapa,$0.30,MINIYADIS NEGRA
98f352b0-1a9a-4325-9d7b-a113af5a6f1b,1338 YADIS NEGRA,Storable Product,Tapa,$0.00,1338 YADIS NEGRA
6b16a75f-1bb8-4075-8c22-678d7e86aeee,1344 BCA,Storable Product,Tapa,$0.38,1344 BLANCA 3000 PIEZAS POR CAJA N
c2c97dbd-e95d-4c50-8384-618db9666671,1344 TRIANGULAR NEGRA,Storable Product,Tapa,$0.38,1344 TRIANGULAR NEGRA
552aecea-66b5-45e6-a992-41cd9de26e31,1525 BLANCA,Storable Product,Tapa,$0.32,1525 BLANCA
cac3ad46-1230-44b6-968e-50228150543e,1525 NEGRA,Storable Product,Tapa,$0.32,1525 NEGRA
9b41fc6c-4ce8-4e0a-a916-7857b48afd0d,1526 BLANCA,Storable Product,Tapa,$0.34,1526 BLANCA
980244f0-024b-4c58-9ae4-68eb77a2617f,1538 BLANCA,Storable Product,Tapa,$1.00,1538 BLANCA
b73a2443-d053-4a1b-a176-2f3257c95969,1538 HEXA BCA,Storable Product,Tapa,$0.37,1538 HEXAGONAL BLANCA
73f445d4-a861-4742-943f-1a96b76a6341,1538 HEXA NGA,Storable Product,Tapa,$0.37,1538 HEXAGONAL NEGRA
0c7dbaf4-f2a9-498e-9576-0eb9a0126928,1538 NEGRA,Storable Product,Tapa,$0.37,TR 1538 NEGRA
11d8467e-52fa-47c8-ac39-621f2966749c,1538 YADIS AMATISTA,Storable Product,Tapa,$1.00,1538 YADIS AMATISTA
2dc03f6c-8639-4f52-83e3-422727bee36f,1538 YADIS BLANCA,Storable Product,Tapa,$0.41,YADIS  BLANCA
815bffe8-e109-4a8d-b691-db4d920818f1,1538 YADIS MENTA,Storable Product,Tapa,$0.00,YADIS MENTA
7f1d29e9-7fcf-458e-a68a-55d663e37912,1538 YADIS MORADO SATIN,Storable Product,Tapa,$1.00,1538 YADIS MORADO SATIN
431f204d-c714-450c-a67f-de9f64e52505,1538 YADIS NEGRA,Storable Product,Tapa,$0.41,YADIS NEGRA
7ba38456-2702-41d0-a997-19435289a5ef,1538 YADIS ORQUIDEA,Storable Product,Tapa,$1.00,1538 YADYS ORQUIDEA
49611be4-dce7-49ba-95ef-5c8f0c97d841,1538 YADIS ROSA GLITHER,Storable Product,Tapa,$1.00,1538 YADIS ROSA GLITHER
221e94d9-9691-4e35-b8d8-0e780f26e389,1538 YADIS SARA,Storable Product,Tapa,$1.00, 1538 YADIS SARA
70a4911a-0d62-4265-b2db-e385734e30fb,1538 YADIS TRANSPARENTE,Storable Product,Tapa,$0.00,YADIS TRANSPARENTE
5a3593e2-d45e-4d7f-ab98-279e430205c0,1538 YADIS TUTIFRUTI,Storable Product,Tapa,$0.41,YADIS TUTIFRUTI
6c222515-be78-4c4e-aabb-3e584194a9fe,1538 YADIS VEGAS,Storable Product,Tapa,$1.00,YADIS VEGAS
6c8ba31e-cb68-43cf-ac6c-d1a5d96a3b4e,1538 YADIS WATER MELON,Storable Product,Tapa,$1.00,YADIS WATER MELON
62dd6517-b01b-4214-b2c8-54521715fef2,1838 NATURAL,Storable Product,Tapa,$0.99,1838 NATURAL
15427d70-e033-4e25-919a-2a96c2ef0a48,ALAMBRE DE ACERO INOXIDABLE,Storable Product,Materia Prima / Alambre,$1.00,ROLLOS DE ALAMBRE DE ACERO INOXIDABLE cepillo
3b590b08-60d2-434b-84e9-3dabfa7f6686,ALAMBRE KOLA LOKA,Storable Product,Materia Prima / Alambre,$0.00,ALAMBRE KOLA LOKA
5c7ee2c2-cccf-42d3-a7b0-fb648f451b14,ALAMBRE PARA INSERTADORA,Storable Product,Materia Prima / Alambre,$1.00,ALAMBRE FIFA ALCE REDONDO 25
fca24246-57b6-4a8a-a2b4-5406fcdb8ed4,AMANECER  1264,Storable Product,Materia Prima / Pigmentos,$250.00,AMANECER 1244        PICOSA
2c208ed5-829c-4d34-a7e6-e0be93cf5191,AMARELO 22627,Storable Product,Materia Prima / Pigmentos,$1.00,AMARELO  22627    GAMACOLOR
66d4ffca-5eb0-4481-8564-265fafa65e85,AMARILLO  AMARELO 1107,Storable Product,Materia Prima / Pigmentos,$250.00,AMARILLO AMARELO 1107        PICOSA
c9e23b86-cdf1-416d-80ab-1519edeed613,AMARILLO BARRADAS,Storable Product,Materia Prima / Pigmentos,$250.00,AMARILLO BARRADAS 1130      PICOSA
033fa71a-986c-4be5-b3ea-d8fb46661069,AMARILLO NEON  22642,Storable Product,Materia Prima / Pigmentos,$1.00,AMARILLO NEON     22642 GAMACOLOR
80b76e9f-7d27-4fd0-b5a8-f8d2cb1b9a2f,AMATISTA 02208,Storable Product,Materia Prima / Pigmentos,$1.00,AMATISTA  02208    GAMACOLOR
38035a2f-6beb-4463-9d35-02b60a0db5f8,AZUL BARRADAS,Storable Product,Materia Prima / Pigmentos,$250.00,AZUL BARRADAS  0438      PICOSA
02bae7b7-3c83-4d8a-883c-49bee9ba15b4,AZUL NAVY 0772,Storable Product,Materia Prima / Pigmentos,$250.00,AZUL NAVY 0772      PICOSA
711d49a9-096a-456b-9bc2-b202e2aef0c8,AZUL NECTARIN 0746,Storable Product,Materia Prima / Pigmentos,$250.00,AZUL NECTARIN 0746       PICOSA
8631675e-90f5-4c8b-846b-605da6950fad,AZUL OCEANO 0773,Storable Product,Materia Prima / Pigmentos,$250.00,AZUK OCEANO 0773     PICOSA
094c0e57-b325-45af-b053-bc2fa222ec23,BALA BARRADAS,Storable Product,Cepillo,$0.20,"BARRADAS CON CERDA DELGADA 0.004"""
7bd4aecc-de2d-48c4-91b0-159a44d1035d,BALA NATURAL,Storable Product,Cepillo,$0.20,BALA NATURAL
5db83273-f543-418e-ae6d-e3edbf3c3682,BALA NEGRO PROFESIONAL PROSA,Storable Product,Cepillo,$0.00,BALA NEGRO PROFESIONAL PROSA
6b8c0f94-7e98-46a1-addb-acf4c60fa05f,BALA RECICLADO,Storable Product,Cepillo,$0.00,BALA RECICLADO
31695db9-6bae-4f2e-8de5-e774ed7a003f,BALA UNA MARAVILLA,Storable Product,Cepillo,$0.20,BALA UNA MARAVILLA CERDA 0.005
92c87202-622d-4d52-9118-2908b561b0e3,Balita Negro,Storable Product,Cepillo,$0.20,BALITA NEGRO
1e9f3d17-ac9e-4b03-9f54-cbdfc9286787,BALITA ROSA,Storable Product,Cepillo,$1.00,BALITA ROSA
cd7911f9-7668-4a91-94e9-846b0b7904d6,BALITA TRANSPARENTE,Storable Product,Cepillo,$0.20,BALITA TRANSPARENTE
9d81daeb-4153-4de3-8c83-d6ba397cf12e,BARRIL,Storable Product,Cepillo,$0.20,BARRIL
f8ef41f5-a41e-4f46-be25-915f473f1f35,BOLSA CELOFAN,Storable Product,Empaque,$1.00,BOLSA CELOFAN PARA MUESTRAS
5c4d9e09-ff9b-4f84-a2ed-9990e0540b12,BOLSA DE EMPAQUE,Storable Product,Empaque,$40.00,BOLSA DE EMPAQUE PARA CAJA
153034fd-8d59-451e-8e22-bea5babf39e5,BOLSA PARA BOTELLA,Storable Product,Empaque,$40.00,BOLSA DE PLASTICO TRANSPARENTE PARA BOTELLA PVC
8e359993-c900-4d7d-a07f-088b27cbd02e,BOLSA PARA CITOLOGICO,Storable Product,Empaque,$1.00,BOLSA PARA CITOLOGICO
82895ea1-f11c-4676-9d5a-1c8159ee0024,BOLSA POLY BAG,Storable Product,Empaque,$1.00,BOLSA  3X16
88decedb-a578-404e-984e-a0f1eb05f4e5,BOTELLA 1048 MINI BLANCA,Storable Product,Botella,$0.00,BOTELLA 1048 MNI BLANCA
2f98b1bf-6993-4bca-8a87-93133c5f1e76,BOTELLA 1048 MINI NEGRA,Storable Product,Botella,$0.00,BOTELLA 1048 MINI  NEGRA
b11dc565-2e46-4c36-b54e-9ef1c14aa5dc,BOTELLA 1048 MINI TRANSPARENTE,Storable Product,Botella,$1.00,BOTELLA 1048 MINI TRANSPARENTE
6385e2a7-9c49-4e8f-aae7-9e4025ac92be,BOTELLA 1080  DL NEGRA,Storable Product,Botella,$0.30,BOTELLA 1080 DL NEGRA
aabaf6ec-7c07-4b7f-be1a-efb7422aad2e,BOTELLA 1080 CHOCOLATE,Storable Product,Botella,$0.00,BOTELLA 1080 CHOCOLATE
a9542671-8360-43c6-a20b-ea4790c3f38d,BOTELLA 1080 DL Blanca,Storable Product,Botella,$0.30,BOTELLA 1080 DL Blanca
b0aa8929-ab7a-45b1-88a3-bc83585e4023,BOTELLA 1080 DL LILA,Storable Product,Botella,$1.00,BOTELLA 1080 DL LILA
cc9578e6-4011-46fd-8075-3afc006d6646,BOTELLA 1080 DL TRANSPARENTE,Storable Product,Botella,$0.30,BOTELLA 1080 DL TRANSPARENTE
e4c98fd4-6819-4918-9acf-26d2c6509a3d,BOTELLA 1080 DLROSA 1348,Storable Product,Botella,$0.00,BOTELLA 1080 DL ROSA 1348
75a35946-7da1-434b-9280-7ed03458ccb8,BOTELLA 1560 NEGRA,Storable Product,Botella,$0.00,BOTELLA 1560 NEGRA
8a6fdff1-92a9-4e8f-9157-68b952fdb44e,BOTELLA 1560 ROSA 1348,Storable Product,Botella,$0.00,BOTELLA 1560 ROSA 1348
037642bc-4be4-4509-a12c-17ea96235771,BOTELLA 1580   LILA,Storable Product,Botella,$0.60,BOTELLA 1580  LILA
caf1e13a-3859-41e3-a94d-12be1780a60e,BOTELLA 1580  M HIPOALERGENICO,Storable Product,Botella,$0.60,BOTELLA 1580 M HIPOALERGENICO
f873e8fa-ea8f-4800-aa70-44494aaa4214,BOTELLA 1580 BLANCA,Storable Product,Botella,$0.60,BOTELLA 1580 BLANCA
01280507-ebd4-4eeb-a4f8-4fa011d9e0c1,BOTELLA 1580 CARBON BLACK,Storable Product,Botella,$1.00,BOTELLA 1580 CARBON BLACK
6c38859e-eb4d-4fe8-9e00-646e53d8e6d9,BOTELLA 1580 CHOCOLATE,Storable Product,Botella,$1.00,BOTELLA 1580 CHOCOLATE
e2450a3c-5ead-414d-aa00-00232a5221a7,BOTELLA 1580 HUESO DE MAMEY,Storable Product,Botella,$0.00,BORELLA1580 HUESO DE MAMEY
f607b8ea-89b3-4a64-b5a9-c57e4689a482,BOTELLA 1580 KERATINA,Storable Product,Botella,$0.00,BOTELLA 1580 KERATINA
9071ce17-e9e2-4b4b-acab-7a568d8d78c1,BOTELLA 1580 NARANJA ROHS 52622,Storable Product,Botella,$1.00,BOTELLA 1580 NRANJA ROHS 52622
b06cc021-78f5-4c3a-8257-2f821c5bb8d0,BOTELLA 1580 NEGRA,Storable Product,Botella,$0.00,BOTELLA 1580 NEGRA
d5812ea1-e938-4b63-a5c6-c7cf26e12d55,BOTELLA 1580 ROSA SILICON,Storable Product,Botella,$0.00,BOTELLA 1580 ROSA SILICON
cd72de12-cbaf-4b7f-a5d7-1758bdfc8e7a,BOTELLA 1580 TE VERDE,Storable Product,Botella,$0.60,BOTELLA 1580 TE VERDE
07004d35-6b2f-4bfd-9ac2-f94ce1d422f4,BOTELLA 1580 TRASPARENTE,Storable Product,Botella,$1.00,BBOTELLA 1580 TRASPARENTE
aaf2071c-4398-49b3-a61b-68f1a4382c5d,BOTELLA CONICA BLANCA,Storable Product,Botella,$0.00,BOPTELLA PVC CONICA BLANCA
0e5e9bcc-da72-4673-b402-ff201b881e31,BOTELLA CONICA TRANSP.,Storable Product,Botella,$0.00,BOTELLA PVC CONICA TRANSP.
a962e5a2-1515-4b61-b834-29be3c528170,CACAHUATE PROSA,Storable Product,Cepillo,$1.00,CACAHUATE PROSA
5a601ac8-cea2-43d8-b32f-2dbcaaca439b,CAFE P/GALLETA,Storable Product,Materia Prima / Pigmentos,$250.00,CAFE PGALLETA      PICOSA
85dcb1c6-b6e4-4e31-9ff6-03ddda7b104a,CAJA DE CARTON,Storable Product,Empaque,$50.00,CAJA DE CARTON CORRUGADO
6e38d246-7fde-4638-b742-18a382da90bd,CAJA DE CARTON PARA CEPILLO CTILOGICO,Storable Product,Empaque,$10.00,CAJA DE CARTON PARA CEPILLO CITOLOGICO
6ec449df-3420-4e6c-b596-08e7528ce3e2,CAOBA 92615,Storable Product,Materia Prima / Pigmentos,$1.00,CAOBA 92615    GAMACOLOR
4fd5bb1b-fedd-4a36-9345-5ec84a180607,CEPILLO CACAHUATE,Storable Product,Cepillo,$0.20,CEPILLO CACAHUATE
e8e688e3-55f8-41df-afa5-9a0320da4786,CERDA  NEGRA 0.004 BARRADAS,Storable Product,Materia Prima / Cerda,$5.00,CERDA BARRADAS 0.004
cc348939-79cf-41e0-a9b6-f9a5e62045db,CERDA NATURAL  0.0025  PINCELL,Storable Product,Materia Prima / Cerda,$630.00,CERDA NATURAL  0.0025 PINCEL
8c0f0933-b52c-4844-ae38-e70308c5883e,Cerda Natural  0.003 Citologico,Storable Product,Materia Prima / Cerda,$630.00,Cerda Natural  0.003 Citologico
7fc0daf4-5311-4d37-bc37-43291d99fb09,"Cerda Natural 0.005""",Storable Product,Materia Prima / Cerda,$369.10,"Cerda Natural 0.005"""
23111eba-80a9-4e05-bd2b-dee3f66d2d97,CERDA NEGRA 0.0025 PINCEL,Storable Product,Materia Prima / Cerda,$630.00,CERDA NEGRA  0.0025 PINCEL
ed063991-0119-4326-a866-ce3c45c5911a,CERDA NEGRA 0.005,Storable Product,Materia Prima / Cerda,$369.10,CERDA NEGRA 0.005
cbdc2f05-45fc-4a4c-bf85-271c0567ef9b,CERDA NEGRA 0.00575 P/CEPILLO PROSA,Storable Product,Materia Prima / Cerda,$0.00,CERDA NEGRA PROSA 0.00575
da79c742-dd69-429d-93c5-3d0a736a305e,CERDA ROSA,Storable Product,Materia Prima / Cerda,$1.00,CERDA ROSA 0.005
5b186068-8157-4765-9d75-564d5f464a62,CIRUELA,Storable Product,Materia Prima / Pigmentos,$1.00,CIRUELA    GAMACOLOR
10b1c8c7-0f2c-495c-b24b-f260355b05e9,CITOLOGICO,Storable Product,Cepillo,$0.00,CITOLOGICO
65e09ad3-3d50-4985-9d6d-e53b67b1f17e,CORAL CONFETI 0670,Storable Product,Materia Prima / Pigmentos,$250.00,CORAL CONFETI 0670      PICOSA
5a605f68-d1b8-440b-88bd-b2e541444b51,EC- 1013  NEGRO OJO CHICO,Storable Product,Escurridor,$0.02,EC- 1013 NEGRO OJO CHICO
22903626-e24b-442b-8beb-c5756c80decb,EC-1013  TRANSPARENTE OJO CHICO,Storable Product,Escurridor,$0.02,E.C  1013  TRASPARENTE OJO CHICO
1044ccfc-d71e-4bbb-bb1c-74f47df246f9,EC-1013 NEGRO OJO GRNDE,Storable Product,Escurridor,$0.00,EC-1013 NEGRO OJO GRANDE
b168e7b1-8937-46b4-8a5f-2611589fb43f,EC-1013 TRANSPARENTE OJO GRANDE,Storable Product,Escurridor,$0.00,EC- 1013 TRANSPARENTE OJO GRANDE
cb8aa07f-2087-4f5a-8dd3-e67181e00259,EC-1516 NEGRO OJO GRANDE,Storable Product,Escurridor,$0.02,EC- 1516 NEGRO OJO GRANDE
5f877daa-0f88-40b8-af27-10d9b530fdb7,EC-1516 NGO. OJO CHICO PROSA NUEVO,Storable Product,Escurridor,$0.00,EC-1516 NGO. OJO CHICO PROSA NUEVO
a2d71b64-4e60-4b56-b052-3b2ecd46b1e5,EC-1516 TRANSPARENE OJO GRANDE,Storable Product,Escurridor,$0.02,EC- PARA ENVASE DE RIMEL
32691534-bbbc-4922-8388-30ace4d919ab,EC-1516 TRANSPARENTE OJO CHICO,Storable Product,Escurridor,$0.02,EC- 1516 TRNSP. PARA ENVASE RIMEL
0f7dec07-26ee-4354-9203-4ace8c99bff3,ESTAMBUL 02190,Storable Product,Materia Prima / Pigmentos,$1.00,ESTAMBUL 02190   GAMACOLOR
8c3b00e6-ba51-4ffd-8765-8152f732624d,ESTEARATO,Storable Product,Materia Prima,$1.00,ESTEARATO
cbc6d6a2-ddbe-422f-8dd5-9c2838a0a998,FIJADOR DE CEJA/ VST DEL NGO /V-1029 BCO / CEP. RECTO TRANS,Storable Product,Producto Final,$0.00,FIJADOR DE CEJA / ST DEL NGO / V-1029 BCO /CEP RECTO  TRANS
93473fd6-a30d-4613-b5bb-98997b88e79a,FLEJE,Storable Product,Empaque,$2 500.00,FLEJE  LTMG012209
89046db9-2ce4-4f10-a558-9f54cab8ed45,GALLETA,Storable Product,Galleta,$0.50,GALLETA CAFE
1fd0296d-d51c-425a-a506-4373985f040f,GRAN BERRY 0678,Storable Product,Materia Prima / Pigmentos,$250.00,GRAN BERRY 0678     PICOSA
37acfa50-5a19-487d-8fe1-b8ea06beb6c7,GRAPAS COBRIZADAS,Storable Product,Empaque,$220.00,GRAPAS FIFA COBRIZADAS DE 14 80 MM
62e0c2eb-ad56-44fb-92c6-c9ccd4ed017f,HDPE H5520,Storable Product,Materia Prima,$0.05,HDPE H5520
40679ae9-a41c-4660-a4d6-fe8af1618ea1,INSERTO PARA SOBRE TAPA CON ROSCA 13mm,Storable Product,Inserto de sobre tapa,$0.00,INSERTO PARA SOBRE TAPA CON ROSCA 13mm
de635989-b378-4608-b6b5-5208f93893e4,LDPE NA-2040,Storable Product,Materia Prima,$0.00,LDPE NA-2040
a49ffb60-cede-4256-bb11-09631f7dd53b,LIMON NEON 72552,Storable Product,Materia Prima / Pigmentos,$1.00,LIMON NEON 72552    GAMACOLOR
ad67e2b8-f478-4bcb-aea9-198b9306c7ee,M -1018,Storable Product,Mango,$0.00,MANGO 1018
63413283-db93-428e-94d4-df70aaa3de7b,M -1319 CEJA DELGADA,Storable Product,Mango,$0.05,MANGO 1319 CEJA DELGADA
51982408-3c6e-499f-9b67-544f506dc566,M -1324,Storable Product,Mango,$0.05,MANGO 1324
682f2bb9-f7d9-4870-b9b3-f11d647b26eb,M -1324 PLANO,Storable Product,Mango,$0.05,MANGO  1324 PLANO
1b96fa19-0b83-4830-b8e9-7b77b16436e9,M -1328,Storable Product,Mango,$0.05,MANGO 13 LARGO 28 MM
5fca15ff-ad67-4249-8455-7906d789d36b,M -1330  PLANO,Storable Product,Mango,$0.05,MANGO  1330 PLANO
ab0c9db1-83b1-47ac-9f1f-fcd85d52f5d7,M -1333,Storable Product,Mango,$0.05,MANGO 1333
9a6ef8b0-aaeb-4b4b-913b-45b3c3feac20,M -1524,Storable Product,Mango,$0.05,MANGO 1524
50248554-c012-42f2-99e3-0e02d6d4f59e,M -1533,Storable Product,Mango,$0.05,MANGO 1533
53bbb0e6-e93d-4ca3-80b2-86802ac36d51,M -1858,Storable Product,Mango,$0.05,MANGO 1858
978a6e41-aa8b-465d-b556-8d841e96d8a3,M- PELIKAN,Storable Product,Mango,$0.05,MANGO PELIKAN
feb02516-a825-4f90-b93c-27939691b26f,M-1319 CEJA GRUESAS,Storable Product,Mango,$1.00,M-1319 CEJA GRUESA
bb5b248e-f16f-4f68-8238-858d8f172ce7,M-1335,Storable Product,Mango,$0.00,MANGO 1335
de0dd51d-897c-4c28-885e-3fca135bb400,M-1535,Storable Product,Mango,$1.00,M-1535
4543dd24-f63e-48a0-bdf0-adbea2994902,M-1535 PLANO,Storable Product,Mango,$0.00,M- 1535 PLANO
6fc5ab6e-15f7-445d-93a0-4c494b4ad061,M-DL 29,Storable Product,Mango,$0.00,M-DL29
f447a39e-17b3-4ca0-bcc1-221f12066b53,MAMEY 0492,Storable Product,Materia Prima / Pigmentos,$250.00,MAMEY  0492      PICOSA
ad580493-1b3b-4132-b9f3-163f2d0a0168,MAMEY 32537,Storable Product,Materia Prima / Pigmentos,$1.00,MAMEY 32537    GAMACOLOR
689ee990-dbe8-49a7-9279-769edb57c244,MASTER BATCH AZUL PROSA,Storable Product,Materia Prima / Pigmentos,$1.00,MB PROSA AZUL
9c382a68-e413-4d15-aa6f-17a44d5eeb15,MASTER BATCH CAFE PROSA,Storable Product,Materia Prima / Pigmentos,$1.00,MB PROSA CAFE
144318b0-4a89-480e-8e83-e14ca1805d7b,Master Negro  T5N-900.MB,Storable Product,Materia Prima,$1.00,Master Negro  T5N-900.MB
830d5186-e11e-4c3a-b614-4ca66febdca3,MB PROSA PP ROSA,Storable Product,Materia Prima / Pigmentos,$1.00,MB PROSA PP ROSA 9462
06da7150-7af4-4861-a7a6-64165fb50d53,MENTA 72244,Storable Product,Materia Prima / Pigmentos,$1.00,MENTA 72244   GAMACOLOR
da5b645d-843d-4980-b2f4-07ff585a539f,METAL LILA  52200,Storable Product,Materia Prima / Pigmentos,$1.00,METAL LILA  52200   GAMACOLOR
b0e9bc45-2cec-491b-baab-926149c2b8b3,MORADO METALICO UVA 52201,Storable Product,Materia Prima / Pigmentos,$1.00,MORADO METILICO UVA 52201   GAMACOLOR
2fc70619-09b0-472e-878e-548484cb8d1f,MORADO SATIN 0568,Storable Product,Materia Prima / Pigmentos,$250.00,MORADO SATIN 0568     PICOSA
39d6f939-777a-44ee-a01d-888166505f01,NARANJA  RAS BERRY0427,Storable Product,Materia Prima / Pigmentos,$250.00,NARANJA  RAS BERRY 0427      PICOSA
7301eaa7-42aa-417a-ba74-eb368c849a34,NARANJA BARRADAS,Storable Product,Materia Prima / Pigmentos,$250.00,NARANJA BARRADAS 0342       PICOSA
26ab4667-4db1-46df-9f47-68cc64f6bbb3,NARANJA PASSION FRUIT 0426,Storable Product,Materia Prima / Pigmentos,$250.00,NARANJA PASSION FRUIT 0426       PICOSA
98292be0-ac57-4b2c-b8d6-f31d199ff0e3,OPRESOR MUESTRAS,Storable Product,Opresor,$1.00,OPRESOR MUESTRAS
73771157-93ab-4ac3-9116-dca2332a1fd2,ORO 22156,Storable Product,Materia Prima / Pigmentos,$1.00,ORO 22156   GAMACOLOR
32589e13-3bd5-48d1-9068-3fe5efe8b0da,ORQUIDEA,Storable Product,Materia Prima / Pigmentos,$1.00,ORQUIDEA    GAMACOLOR
1360abac-04d8-4474-ad06-ee05b71f4678,PALILLO BALITA ROSA,Storable Product,Producto Final,$1.00,Palillo Rosa
744ed1d0-5f12-4bc0-aeb7-aab753c6026b,PALILLO BLANCO,Storable Product,Mango,$0.13,PALILLO BLANCO
aa3a2ce3-c6dd-430a-bc19-49e20f9dcdac,PALILLO CITOLOGICO,Storable Product,Mango,$0.02,PALILLO CITOLOGICO
736956e6-5606-4f1c-bf3a-b42cb8dc3410,PALILLO LILA,Storable Product,Mango,$0.13,PALILLO LILA
ed404247-cf43-4a84-9e9f-c701ba3b4958,PALILLO NEGRO,Storable Product,Mango,$0.13,PALILLO NEGRO
f15b1914-305b-44a8-9e8d-c5196160f562,PALILLO ROSA,Storable Product,Mango,$0.13,PALILLO ROSA
ec459aae-5c1d-4105-bef8-67f98caebf37,PALILLO TURQUESA,Storable Product,Mango,$0.13,PALILLO TURQUESA
a8ca02c0-314c-45e7-a695-806bcdcf2eca,PALO DE ROSA  0639,Storable Product,Materia Prima / Pigmentos,$250.03,PALO DE ROSA  0639     PICOSA
4cde0e8c-9db3-4a53-b005-34dde9350844,PALO DE ROSA  0669,Storable Product,Materia Prima / Pigmentos,$250.00,PALO DE ROSA      PICOSA
15bcf381-7008-4c59-8c3c-87790f2adaea,PC -1324 NATURAL PLANO,Storable Product,Pincel,$0.00,PC-1324 NATURAL PLANO
d6dbc71f-1862-445b-91be-1ba8c694b32c,PC-1018,Storable Product,Pincel,$1.00,PC-1018
c677d436-72ab-4020-9eb1-776aa9e41aba,PC-1319 CEJA DELGADA,Storable Product,Pincel,$0.00,PC-1319 CEJA DELGADA
54503a4f-30e2-428a-9fc6-f67f07bd5466,PC-1319 CEJA GRUESA,Storable Product,Pincel,$1.00,PC-1319 CEJA GRUESA
a42826d3-d12d-4d9a-97a0-1e10ce4e2fb7,PC-1324,Storable Product,Pincel,$1.00,PC-1324
2e3d6bd7-e245-46e6-ab1c-6cbec20d1ace,PC-1324 NATURAL,Storable Product,Pincel,$0.06,PC- 1324 NATURAL
980859a5-5b49-4660-a422-486cd1ee57a3,PC-1324 PLANO,Storable Product,Pincel,$0.06,PINCEL 1324 PLANO
18677775-5183-4ea7-b576-93f54643c979,PC-1328,Storable Product,Pincel,$0.06,PINCEL 1328
252a3af0-d5df-4f55-ad62-5947f7fd2695,PC-1333,Storable Product,Pincel,$1.00,PC-1333
960ddff1-e655-4715-b6e2-8f637b85967c,PC-1335,Storable Product,Pincel,$0.00,PIMCEL 1335
01853878-3a13-43d0-8d88-229f6e71c94b,PC-1524,Storable Product,Pincel,$0.00,PINCEL 1524
baf2b8e6-5e73-483f-b242-b70267240a85,PC-1528,Storable Product,Pincel,$0.06,PINCEL 1528
6714917e-69b1-4ee1-8b0c-c9bbe97b6155,PC-1533,Storable Product,Pincel,$0.00,PINCEL 1533
0e43591a-be53-4eee-bdc7-e98ec186f56f,PC-1535 PLANO,Storable Product,Pincel,$0.00,PINCEL 1535 PLANO
2689360d-152e-4806-b979-a0383f17cb73,PINCEL PELIKAN,Storable Product,Pincel,$5.00,PELIKAN
e107bf96-57da-41a6-9d12-c7e927ac4b17,PINO BARRADAS,Storable Product,Cepillo,$0.00,PINO BARRADAS
2f8c8b40-def7-4e19-8bdf-8be01f2fc1db,PINO DELGADO,Storable Product,Cepillo,$0.20,PINO DELGADO
9530bb3d-2b6f-4932-9c78-c71c779e5063,PINO MINI,Storable Product,Cepillo,$0.20,PINO MINI
9faf7302-74cb-47aa-8b54-15c28464577e,PINO PROSA,Storable Product,Cepillo,$1.00,PINO PROSA
e1dfb1c2-56b9-4cbf-9064-2dba7eacd9d9,PINO TRANSPARENTE,Storable Product,Cepillo,$0.20,PINO TRANSPARENTE
cee393c6-2ebd-4a5d-a15d-0d350fc3c893,PINO TRANSPARENTE PROSA,Storable Product,Cepillo,$1.00,PINO TRANSPRENTE PROSA
d925d098-4f12-464a-9345-8e89231d75d4,PINO U.M,Storable Product,Cepillo,$0.00,PINO U.M
9f13bb8d-dced-4bfb-a228-ba88667af401,PINO U.M RECICLADO,Storable Product,Cepillo,$0.00,PINO U.M RECICLADO
01586626-e42e-411d-9d3e-0a0a41634255,PLATA  82157,Storable Product,Materia Prima / Pigmentos,$1.00,PLATA  82157     GAMACOLOR
a82d8282-fcf1-47fa-9801-e4bc15783d33,POLIPROPILENO PROFAX,Storable Product,Materia Prima,$1.00,POLIPROPILENO PROFAX
70f60b17-01c8-4933-b4aa-8c232fdf806c,POME GRANATE  0580,Storable Product,Materia Prima / Pigmentos,$1.00,POME GRANATE  0580     PICOSA
c5c9dd93-0537-413f-888f-4cb09e2f3e57,POME GRANATE 02014,Storable Product,Materia Prima / Pigmentos,$1.00,POME GRANATE 02014    GAMACOLOR
54784055-3a6d-4be3-a9c8-9aca434cf4a3,PP BLANCO,Storable Product,Materia Prima / Pigmentos,$300.00,PP  BLANCO   1779      PICOSA
93761c6e-4750-4c53-8e88-60c508ae033d,PP NEGRO,Storable Product,Materia Prima / Pigmentos,$1.00,PP NEGRO   GC- 55       GAMACOLOR
87591239-7fc5-4d9e-b191-fab7a58036df,PP- AMARILLO KERATINA,Storable Product,Materia Prima / Pigmentos,$1.00,PP- AMARILLO KERATINA  51447      COQUISA
82c8474c-9f37-4951-88d8-78d9bb7750ce,PP- CERAMIDAS,Storable Product,Materia Prima / Pigmentos,$1.00,PP-CERAMIDAS  51687        COQUISA
0b0c53f0-f868-4108-9131-61eff8f2421b,PP- MELON,Storable Product,Materia Prima / Pigmentos,$0.05,PP- MELON  R-489-C 51773       COQUISA
0b6b73ad-8dda-4e8e-bcf9-914acc57bd7d,PP-AZUL TEJEL-TALICA,Storable Product,Materia Prima / Pigmentos,$1.00,PP-AZUL TEJEL-TALICA  51722         COQUISA
813736ae-329c-4ddf-9d43-fdda23cbe0e9,PP-AZUL TURQUESA,Storable Product,Materia Prima / Pigmentos,$1.00,PP-AZUL TURQUESA 51408         COQUISA
3cd0afae-7568-4d4f-8870-2c790377b2db,PP-CAFE CHOCOLATE,Storable Product,Materia Prima / Pigmentos,$0.00,PP-CAFE CHOCOLATE  51400         COQUISA
16295282-e4a9-4b2a-89fe-78d4681ca001,PP-FIUSHA,Storable Product,Materia Prima / Pigmentos,$1.00,PP-FIUSHA  00746     GAMACOLOR
cab8e132-5f83-4368-80e2-ab16b9070933,PP-GRIS ACEITE DE MINK,Storable Product,Materia Prima / Pigmentos,$1.00,PP-GERIS ACEITE DE MUNK  51728          COQUISA
05aed9f2-8ab2-4249-b616-f07a1500eb8b,PP-LILA,Storable Product,Materia Prima / Pigmentos,$0.05,PE-LILA  51540       COQUISA
8906de8c-d473-41e6-9138-0fe9703e3ff0,PP-MORADO HIPOALERGENICO,Storable Product,Materia Prima / Pigmentos,$0.05,PP-MORADO HIPOALERGENICO  51463         COQUISA
deadef1e-0c97-44b4-aa82-1aa722d1ccb1,PP-OCRE COLAGENO,Storable Product,Materia Prima / Pigmentos,$0.05,PP-OCRE COLAGENO  51445        COQUISA
d399fb22-a849-4894-9591-3730bcb61ac9,PP-ROSA HUESO DE MAMEY,Storable Product,Materia Prima / Pigmentos,$0.05,PP-ROSA HUESO DE MAMEY  51449       COQUISA
e69d2476-131d-465d-a93c-bd6cd5dce0f8,PP-ROSA SILICON,Storable Product,Materia Prima / Pigmentos,$0.05,PP-ROSA SILICON  51469        COQUISA
846b338f-79a0-48e5-bd57-9069224c35e5,PP-TE VERDE,Storable Product,Materia Prima / Pigmentos,$1.00,PP-TE VERDE  51650       COQUISA
7e43ca4e-6f5b-426e-af2e-454dda66b4bc,PP-VERDE ACEITE DE AGUACATE,Storable Product,Materia Prima / Pigmentos,$0.05,PP-VERDE ACEITE DE AGUACATE  51399        COQUISA
e8141a5c-0681-434c-83f6-bff85a937ce7,PP-VERDE CARBON BLACK,Storable Product,Materia Prima / Pigmentos,$1.00,PP-VERDE CARBON BLACK 52048         COQUISA
0d363caa-65a9-4aaa-aa1a-9f7f9e1f12b9,PP-VERDE PISTACHE VIT.E,Storable Product,Materia Prima / Pigmentos,$0.05,PP-VERDE PISTACHE VITAMINA E  51411         COQUISA
d69727c8-ec43-4640-af19-5370aa4b3eb2,PP-VINO PASION,Storable Product,Materia Prima / Pigmentos,$0.05,PP-VINO PASION  51465        COQUISA
39d27671-887e-4f63-bb9d-a6152d365c66,PULCERAS,Storable Product,Producto Final,$1.00,PULCERAS
271e7b06-3b5b-479b-8537-39457648b8cb,PUNTA LIP  GLOSS,Storable Product,Cepillo,$5.00,PUNTA LIP GLOSS
d4ed17b5-dd37-45b4-88f3-b1007a48cc20,PVC GLOBAL BLANCO,Storable Product,Materia Prima,$0.05,PVC GLOBAL BLANCO
0da2e349-f0c2-4d65-afe6-058e7fcd6e9d,PVC GLOBAL VIOLETA,Storable Product,Materia Prima,$0.05,PVC GLOBAL TRANSPARENTE
254d8ecd-f3b8-4c62-97c0-7df4599a48d8,PVC- AZUL TURQUESA,Storable Product,Materia Prima / Pigmentos,$1.00,PVC-AZUL TURQUESA 51404        COQUISA
b0bebfaf-73b1-4f65-b4bf-6fa10841d190,PVC-AMARILLO KERATINA,Storable Product,Materia Prima / Pigmentos,$0.05,PVC-AMARILLO KERATINA  51442        COQUISA
26489ce9-de3e-48c5-8dd9-eacc540b466f,PVC-AZUL  TEJEL-TALICA,Storable Product,Materia Prima / Pigmentos,$0.05,PVC-AZUL TEJEL-TALIKA  51721          COQUISA
b6a547f9-98c3-4387-86b7-fac68dbc940a,PVC-CAFE CHOCOLATE,Storable Product,Materia Prima / Pigmentos,$0.05,PVC-CAFE CHOCOLATE  51397        COQUISA
2edab8a2-7f1c-4a16-9c1b-403f71a29d93,PVC-CERAMIDAS,Storable Product,Materia Prima / Pigmentos,$1.00,PVC-CERAMIDAS 51686        COQUISA
93bbdb07-4450-449c-90d5-f1cd9e692f1d,PVC-HUESO DE MAMEY,Storable Product,Materia Prima / Pigmentos,$0.05,PVC-HUESO DE MAMEY  51791       COQUISA
85780efc-88d8-46b8-bcec-a7c85fa6fe91,PVC-LILA,Storable Product,Materia Prima / Pigmentos,$0.05,PVC-LILA  51601      COQUISA
9d71639b-5f00-4085-9cc4-57878d09863e,PVC-MELON,Storable Product,Materia Prima / Pigmentos,$0.05,PVC-MELON R-489-C  51771      COQUISA
d9fc5ad6-e2ec-430c-af17-a0039d0fc59a,PVC-MORADO HIPOALERGENICO,Storable Product,Materia Prima / Pigmentos,$0.05,PVC-MORADO HIPOALERGENICO  51460      COQUISA
b062c1fb-a512-4936-9f89-eeb8eed4bd71,PVC-NEGRO,Storable Product,Materia Prima / Pigmentos,$0.05,PVC-NEGRO  46981      COQUISA
b8a0754f-29cc-4c0b-82d3-6f65d1326e22,PVC-OCRE COLAGENO,Storable Product,Materia Prima / Pigmentos,$0.05,PVC-OCRE COLAGENO  51441       COQUISA
de517d4f-9395-4bab-b7d2-818e6da065ec,PVC-ROSA FIUSHA ROHS,Storable Product,Materia Prima / Pigmentos,$17.50,PVC-ROSA FIUSHA ROHS 52377      COQUISA
5ec13a9b-2b2a-4164-9007-7aaeed7ac490,PVC-ROSA SILICON,Storable Product,Materia Prima / Pigmentos,$0.05,PVC-ROSA SILICON 51468      COQUISA
f4f599d4-e8c4-4876-b93a-d7d1f548da3a,PVC-TE VERDE LIMON,Storable Product,Materia Prima / Pigmentos,$0.05,PVC-TE VERDE LIMON   51650      COQUISA
adf4afa9-c428-4a45-9f84-ea17e58ad2cb,PVC-VERDE ACEITE DE AGUACATE,Storable Product,Materia Prima / Pigmentos,$0.05,PVC-VERDE ACEITE DE AGUACATE  51395      COQUISA
1d010ef7-27a2-40c2-89b0-db570175f61e,PVC-VERDE PISTACHE,Storable Product,Materia Prima / Pigmentos,$0.05,PVC-VERDE PISTACHE  VIT. E  51405        COQUISA
6a1c228c-cf7b-4684-953f-c73e67b92a18,PVC-VINO PASION,Storable Product,Materia Prima / Pigmentos,$0.05,PVC-VINO PASION 51464       COQUISA
597aaad8-251d-4e96-aa4d-9c9b37c1db46,REBECA BLANCA,Storable Product,Tapa,$0.54,REBECA BLANCA
a6594711-7b50-421c-8ab7-7796f50a14b5,REBECA BLANCA R-15,Storable Product,Tapa,$1.00,REBECA BLANC R-15
d26a32c7-b1f1-47af-ac89-6eed120e4b98,REBECA NEGRA,Storable Product,Tapa,$0.50,REBECA NEGRA
3aff598d-66d7-4d3f-b81f-2baf36376109,REBECA NEGRA ROSCA 15,Storable Product,Tapa,$0.50,REBECA  NEGRA ROSCA  15
fe5310fc-625e-4913-8032-0fd2b2dc25a1,REBECA ROSA ERIKA RUBIO,Storable Product,Tapa,$0.50,REBECA ROSA E.R T5R-2183
e3cbb06e-563c-409b-bba0-b096a762e80c,REBECA ROSA ULTRA R-15,Storable Product,Tapa,$1.00,REBECA ROSA ULTRA
792ffa56-b49d-42ea-b589-7783352eca27,RECTO NEGRO 5X27.5,Storable Product,Cepillo,$1.00,RECTO NEGRO 5X27.5
d51d5448-77b3-4bc8-b431-80100eac0a1a,RECTO NEGRO 8.75 X22.25,Storable Product,Cepillo,$1.00,RECTO NEGRO 8.75X22.25
500729bf-170d-47d6-ab8c-cd89edd7bd08,RECTO NEGRO 8X23,Storable Product,Cepillo,$0.20,RECTO NEGRO 8X23
729469b5-7b7b-4820-90a5-7a0be8bc9cf7,RECTO TRANSPARENTE 6.6X25,Storable Product,Cepillo,$0.20,RECTO TRANSPARENTE 6.6X25
e2fc36c1-15eb-4f84-ae02-2e4fd855fbad,RED BLOOD 0592,Storable Product,Materia Prima / Pigmentos,$1.00,RED BLOOD 0592      PICOSA
17ffcf9d-b1e1-42e0-8a3f-ec4e390eba94,ROJO SW 42490,Storable Product,Materia Prima / Pigmentos,$1.00,ROJO SW 42490     GAMACOLOR
3baaf228-063b-44ce-b28d-10c4e2bdae60,ROJO V 195,Storable Product,Materia Prima / Pigmentos,$1.00,ROJO V 195   PICOSA      PICOSA
d49bfed2-35a9-4ab2-8906-8370510f9ef5,ROSA  5627,Storable Product,Materia Prima / Pigmentos,$1.00,ROSA  5627     PICOSA
bede949b-43c2-46c2-afd0-c9efd0f47fcc,ROSA 7270,Storable Product,Materia Prima / Pigmentos,$1.00,ROSA 7270     PIGMENTOS
68c26734-a406-494f-a1b3-eec0e4f0ce88,ROSA BARRADAS,Storable Product,Materia Prima / Pigmentos,$1.00,ROSA BARRADAS 318    PIGMENTOS
ba42c036-1b20-49d7-8db0-756649d0b4c9,ROSA BOMBON  0688,Storable Product,Materia Prima / Pigmentos,$1.00,ROSA BOMBON  0688   GAMACOLOR
581207db-ae56-4d0d-971f-72828eb02412,ROSA BRONCEADO  02250,Storable Product,Materia Prima / Pigmentos,$1.00,ROSA BRONCEADO 02250     GAMACOLOR
fca58fc0-fdb5-4d7e-a4a0-69099588cca7,ROSA BRONCEADO 02250,Storable Product,Materia Prima / Pigmentos,$1.00,ROSA BRONCEADO 02250     GAMACOLOR
a8b1c7ec-4454-43ea-8d61-071039942f22,ROSA BUGAMBILIA 0633,Storable Product,Materia Prima / Pigmentos,$1.00,ROSA BUGAMBILIA 0633     PICOSA
eb0a022c-0dc3-4dae-bf4e-b1869e0fe4dc,ROSA CUARZO 0677,Storable Product,Materia Prima / Pigmentos,$1.00,ROSA CUARZO  0677      PICOSA
1835c311-871a-4610-9894-5bb1bb00bbcf,ROSA E.R. 00858,Storable Product,Materia Prima / Pigmentos,$1.00,ROSA E.R. 00858   GAMACOLOR
908f7370-3b0e-436e-9208-b0bdf78da757,ROSA GLITER 0592,Storable Product,Materia Prima / Pigmentos,$1.00,ROSA GLITER 0592     PICOSA
e33e4d85-307a-4872-8198-3f0fc633a679,ROSA GRAPE FRUIT 0645,Storable Product,Materia Prima / Pigmentos,$1.00,ROSA GRAPE  FRUIT 0645     PICOSA
a3ed172c-13a5-44af-8346-f9989b5a7694,ROSA LILI,Storable Product,Materia Prima / Pigmentos,$1.00,ROSA LILI 0657     PICOSA
1ab2b91e-4eb4-4ab3-a1e3-c7c2c75aac71,ROSA MATE 02553,Storable Product,Materia Prima / Pigmentos,$1.00,ROSA MATE 02553    GAMACOLOR
1d2cc5f5-62fe-4a48-af9e-f84a5760932f,ROSA PARA UÑAS 52417,Storable Product,Materia Prima / Pigmentos,$1.00,ROSA PARA UÑAS 52417     PICOSA
8ff28b8d-80da-46b6-bfdc-5952736da47c,S.T.NGA DL-V 1029 BCO,Storable Product,Producto Final,$1.00,S.T NGA DL.-V 1029 BCO
8dfd9d83-bf5b-4e68-ad97-80ed33a966d2,S/T  M. HIPOALERGENICO,Storable Product,Tapa,$0.38,S /T M.HIPOLERGENICO
49a43e11-1864-4d7a-a695-68a3be3c7a7f,S/T AMARILLO FLUORECENTE  1130 BALA U.M,Storable Product,Producto Final,$0.00,S/T AMARILLO BALA U.M
b150c062-4249-49f5-b012-3d95f348e89b,S/T AMARILLO KERATINA,Storable Product,Tapa,$0.00,S/T AMARILLO KERATINA
8a64e24b-7266-452e-9969-3cbe6e95f359,S/T AZUL BARRADAS,Storable Product,Tapa,$0.00,S/T AZUL BARRADAS
fcbb3fd8-205a-4e0e-85d3-1b41e98e930f,S/T AZUL NACAR #8269,Storable Product,Tapa,$1.00,S/T AZUL NACAR #8269
25226ffc-50c6-44fe-966d-1267de538a6c,S/T AZUL PROSA,Storable Product,Tapa,$1.00,S/T AZUL PROSA #9161
cad6b54a-f845-4e96-b910-53e5ca9b1361,S/T BLANCA,Storable Product,Tapa,$0.38,S/T BLANCA
197935e7-7c1b-4085-8cf2-4f99b24fb1bd,S/T CAFE PROSA CON PINO,Storable Product,Producto Final,$1.00,S/T CAFE PROSA CON PINO
85e01731-14e6-442f-8d5f-6523ad9f11fc,S/T CAFE PROSA V-1560,Storable Product,Producto Final,$1.00,S/T CAFE  PROSA V-1560
54580073-f038-4a3f-b771-428c850295d3,S/T CAFE PROSA V/1560,Storable Product,Tapa,$1.00,S/T CAFE PROSA # 9155
5aaa89ef-1eab-423b-b7d1-fc45a1124c0d,S/T DELINEADOR  NEGRA,Storable Product,Tapa,$0.00,S/T DELINEADOR  NEGRA
10634cf5-e02c-46e3-9165-d5b7846c9bd4,S/T DELINEADOR BLANCA,Storable Product,Tapa,$0.20,S/T DELINEADOR BLANCA
9b835d0c-0356-413b-9402-21232b85ce40,S/T DELINEADOR CHOCOLATE,Storable Product,Tapa,$1.00,S/T DELINEADOR CHOCOLATE
b54476c4-e4cb-4dfa-9c87-ee3e8332467c,S/T DELINEADOR FIUSHA 0717,Storable Product,Tapa,$0.00,S/T DELINEADOR FIUSHA  0717
a8705ff4-2df4-4038-91bc-b6907d8d0a23,S/T DELINEADOR LILA,Storable Product,Tapa,$1.00,S/T  DELINEADOR LILA
9d660983-706c-43d0-9148-9049b826ea95,S/T DELINEADOR ROSA LILI,Storable Product,Tapa,$1.00,S/T DELINEADOR ROSA LILI
483d872f-a8f4-452e-a9e9-15448e665deb,S/T DELINEADOR VERDE T5G-1878,Storable Product,Tapa,$0.00,S/T DELINEADOR VERDE T5G-1878
2793a41a-719f-4d48-b131-6aa889b56e93,S/T DELINEADOR VIOLETA,Storable Product,Tapa,$1.00,S/T DELINEADOR VIOLETA
e48ac3ca-27df-4c48-8ddb-a01e5c95a154,S/T FIUSHA,Storable Product,Tapa,$0.38,S/T FIUSHA
8f1e8d25-3708-4145-ac53-173fe01efccb,S/T FOSFORECENTE ROSA 318,Storable Product,Tapa,$0.00,S/T FOSFORECENTE ROSA 318
5821ed3a-27a5-4f8b-a24b-a9e6ffd25205,S/T GRIS 134,Storable Product,Tapa,$0.00,S/T GRIS 134
c90c4553-e590-42f2-8953-31de46ade260,S/T GRIS OXFORD,Storable Product,Tapa,$0.00,S/T GRIS OXFORD
34ea4e7d-d11a-4120-8286-7c6a6cb87d5e,S/T GRIS PROSA,Storable Product,Tapa,$1.00,S/T GRIS PROSA
e67d7cb4-224d-4250-9aad-d5d608526073,S/T LILA,Storable Product,Tapa,$0.00,S/T LILA
d4c3b7f5-2455-42ff-8e64-8dddd8e7fb1b,S/T NARANJA BARRADAS 0342,Storable Product,Tapa,$0.50,S/T NARANJA BARRADAS 0342
c27134e6-ea39-4737-811d-ce5f87fd2e53,S/T NARANJA BARRADAS V-82 NGO,Storable Product,Producto Final,$1.00,S/T NARANJA BARRADAS V-82 NGO
69e44df4-b531-468f-9882-8ccaf4b872c7,S/T NARANJA V-82 C/BALA U.M,Storable Product,Producto Final,$5.00, S/T NARANJA V-82 C/BALA U.M
6d9a2400-695d-4e99-87b3-ecd696fb20ae,S/T NEGRA,Storable Product,Tapa,$0.38,S/T NEGRA
66c06d12-4231-400d-a81e-b0bbeac1d09d,S/T NEGRA  V-82,Storable Product,Producto Final,$0.00,S/T NEGRA  V-82
b5f4e2d2-c046-4667-b666-866967ba661f,S/T NEGRA V-82 C/BALA BARRADAS,Storable Product,Producto Final,$5.00,S/T NEGRA V-82 C/BALA BARRADAS
d7e91df6-9a45-4782-97ec-f22d75051f7f,S/T NEGRA V-82 C/PINO BARRADAS,Storable Product,Producto Final,$1.00,S/T NEGRA V-82 C/PINO BARRADAS
0df28537-1212-4b29-b279-dda3d5594fee,S/T NGA DL. CON PUNTA,Storable Product,Producto Final,$1.00,S/T NGA DL. CON PUNTA
ae0cf407-ea15-4945-a324-44cceaa27c3f,S/T PLATA 0194,Storable Product,Tapa,$0.00,S/T PLATA 0194
b1344d13-4f8d-4926-8ed7-f5f86d3d3c0d,S/T PLATA JORGE DIAZ,Storable Product,Tapa,$1.00,S/T PLATA 2170  JORGE DIAZ
86508a23-681b-466d-9471-357318994991,S/T ROJA JORGE DIAZ,Storable Product,Tapa,$1.00,S/T JORGE DIAZ
3dc285cd-a018-4875-aa91-3b6e93405dd9,S/T ROSA 0551,Storable Product,Tapa,$0.00,S/T ROSA 0551
f09063ec-5e82-4707-8c5b-45c73023f8eb,S/T ROSA 0708 8 en 1,Storable Product,Tapa,$0.38,S/T ROSA 0708
00c1b2be-9014-4d5e-9c10-e5c0f0686e82,S/T ROSA SILICON,Storable Product,Tapa,$0.00,S/T ROSA SILICON
c187e9d0-6032-45f3-a052-f6a549b99d15,S/T VERDE BARRADAS 0550,Storable Product,Tapa,$0.38,S/T  VERDE BARRADAS  0550
a3b45894-08d7-4011-bc67-89ebaf3f8e78,S/T VERDE T5G1878,Storable Product,Tapa,$1.00,S/T VERDE T5G1878
9a7de7b8-197a-4be7-8686-d11965fa0f44,S/T YADIS BLANCA,Storable Product,Tapa,$1.00,S/T YADIS BLANCA
41c3b727-e32b-4957-b023-88a764bcbcf5,SATINADO SARA 0774,Storable Product,Materia Prima / Pigmentos,$1.00,SATINADO SARA 0774      PICOSA
e20107b1-b3c0-408d-bdbd-cfd587938ab4,SILICON BALA,Storable Product,Cepillo,$0.30,SILICON BALA
a0cd1fc7-be75-4bc9-96c0-fd6d15c36ccc,SILICON BOLITA,Storable Product,Cepillo,$0.00,SILICON BOLITA
137fb891-4bc7-4f82-8171-48f39cbc000a,SILICON CACAHUATE,Storable Product,Cepillo,$0.30,SILICON CACAHUATE
db4f0d9a-bdce-4c60-89ee-14add763d725,SILICON ESPIRAL,Storable Product,Cepillo,$0.30,SILICON ESPIRAL
b3524580-af27-4b2c-b4c3-acbe6ed63e32,SILICON PEINE,Storable Product,Cepillo,$0.30,SILICON PEINE
47640f71-9eee-443f-a77a-079a80b0d558,SILICON PEINE RECICLADO,Storable Product,Cepillo,$1.00,PEINE SILICON
0aa94f8b-fe0b-4f0a-b8fb-177a551a8108,SILICON PINO,Storable Product,Cepillo,$0.30,SILICON PINO
d2040982-87ff-489e-839c-38fa242d126d,SOFT NUDE 02192,Storable Product,Materia Prima / Pigmentos,$1.00,SOFT NUDE 02191     GAMACOLOR
30fce429-25d4-4431-8bd3-3cecdbf0ffe3,ST AZUL CIELO / V-82  TRANSPARENTE CEP. PINO,Storable Product,Producto Final,$0.00,ST AZUL CIELO / V-82  TRANSPARENTE CEP. PINO
b95c6745-21dd-4122-bc2a-bd641b0debb8,ST/NGA-CEPILLO CACAHUATE,Storable Product,Producto Final,$0.00,ST/NGA- CEPILLO CACAHUATE
6b753bf2-f7cf-4b63-87c1-9c0458726c39,STEEL GREEN  72198,Storable Product,Materia Prima / Pigmentos,$1.00,STEEL GREEN  72198    GAMACOLOR
00cd9d08-4b2f-4eec-9b02-f865e4723591,TAPON,Storable Product,Tapa,$0.00,TAPON NEGRO
5991466b-d54d-4bbe-9ad5-8b5b8c2734b4,TAPON LILA,Storable Product,Tapa,$0.00,TAPON LILA
efacbf7b-4601-4558-b2d8-eb174d521fb1,TAPON NARANJA,Storable Product,Tapa,$0.00,TAPON NARANJA
14318ecb-ec08-474f-9e29-f15680317c82,TAPON ROSA,Storable Product,Tapa,$0.00,TAPON ROSA
7ffa1679-c9db-42de-a803-cbb26ac4c1d7,TAPON ROSA FIUSHA,Storable Product,Tapa,$0.00,TAPON ROSA FIUSHA
6f6571cd-9d81-4735-8c98-dcc751249fb3,TAPON VERDE,Storable Product,Tapa,$0.00,TAPON VERDE
198e22ff-9a48-47d5-abcb-38dc4d7f5aa1,TR 1525 BCA / PC 24,Storable Product,Producto Final,$0.00,TR 1525 BCA / PC 24
8a661562-ace0-4d03-871d-16e1d919df66,TR 1525 BCA / PC 28,Storable Product,Producto Final,$0.00,TR  1525 BCA / PC 28
e61c4cff-7266-42f8-a4f5-27971b0e819c,TR 1525 BCA / PC 33,Storable Product,Producto Final,$0.00,TR  1525 BCA / PC 33
28f24c86-d9e1-4b1d-a2ec-e6a12b97a2ef,TR 1538 NGO / V-62/ CEP.PINO,Storable Product,Producto Final,$0.00,TR 1538 NGO / V-62 / CEP PINO
58e88f7e-968c-4c43-b75a-ad63a9e2d174,TR YADIS LIMON NEON / PC 35 PLANO,Storable Product,Producto Final,$0.00,TR YDIS LIMO NEON / PC 35 PLANO
85f8c6e4-34a0-4cf8-88f0-99897fbce06e,TR-1330 BLANCA PC-24,Storable Product,Producto Final,$1.00,TR-1330 BLANCA  PC-24
4cab8b47-4e5a-4f9e-b779-639ad1bae2a0,TR-RBK NEGRA PC-33,Storable Product,Producto Final,$1.00,TR-RBK NEGRA PC-33
aae902e9-eda7-4232-915a-a77e2dc64a98,TUTIFRUTI  0173,Storable Product,Materia Prima / Pigmentos,$1.00,TUTIFRUTI  0173    PICOSA
fbc1fbd7-8940-4d20-9359-050968b4a054,TUTIFRUTI 0425,Storable Product,Materia Prima / Pigmentos,$1.00,TUTIFRUTI  0425     PICOSA
4492d650-c8d1-4cdd-aa3b-778ba9a7706a,V - CASQUILLO NGO / CEP. BALA,Storable Product,Producto Final,$0.00,V- CASQUILLO NGO / CEP. BALA
b12b5748-d48d-4164-b1ad-67ee36e104f5,V- P/PERFORAR OJO GDE / CEP. CACAHUATE SILICON,Storable Product,Producto Final,$0.00,V-P/PERFORAR OJO GDE / CEP. CACAHUATE SILICON
912786ec-e0dc-4de0-87f3-04fb3e6f2e1e,V- TRANSPARENTE / CEP . PINO,Storable Product,Producto Final,$0.00,V- TRANSPARENTE / CEP PINO
266a9dd3-ce11-4b9c-bf5e-51aa0c6eb6a3,V-1029  BLANCO,Storable Product,Mango,$1.00,V-1029 BCO PARA CEPILLO RIMEL DE ACERO INOX
4155d522-f386-404d-b6c6-b8857636c3a7,V-1029 NEGRO,Storable Product,Mango,$1.00,V-1029 NEGRO PARA CEPLLO RIMEL DE ACERO INOX
7a6bb7ac-177a-4b73-8a45-6a2011b531dc,V-1043 BLANCO LIP GLOSS,Storable Product,Mango,$0.05,V- 1043  BLANCO LIP GLOSS
9f936211-e11f-42a2-a992-f5c08270c10a,V-1043 NEGRO LIP GLOSS,Storable Product,Mango,$0.05,V- 1043 NEGRO LIP GLOSS
6297d27c-7205-4c71-94bd-194f7aae1755,V-1062 NEGRO PARA CEPILLO,Storable Product,Mango,$1.00,V.-1062 NEGRO PARA CEPILLO
fcfe1a24-4b47-4f3c-bce6-5b0018af1630,V-1070 DELINEADOR NEGRO,Storable Product,Mango,$0.05,V-1070  DELINEADOR NEGRO
c47b4979-d054-4c75-9686-33d0c412b3c2,V-1074 BLANCO PARA GLOSS,Storable Product,Mango,$0.00,V-1074 BLANCO PARA GLOSS
548caa6d-2e8e-4a00-9073-4d962aba4aa6,V-1074 NEGRO PARA GLOSS,Storable Product,Mango,$0.00,V-1074 NEGRO PARA GLOSS
f1deb875-4fc7-41a1-b86a-756e2a239e66,V-1560  NEGRO P/ PEGAR MODIFICADO,Storable Product,Mango,$0.05,V-1560  Negro P/ PEGAR MODIFICADO
db0901a9-f41a-49cd-b078-204e0b60c0ee,V-1560 CEP.BALA U.M.,Storable Product,Producto Final,$1.00,V-1560 CEP. BALA U.M.
9e99b023-1b2c-4867-88db-b13fc9c10b6b,V-1560 PINO PROSA,Storable Product,Producto Final,$1.00,V-1560 PINO PROSA
bfabdd7c-265e-4806-bbf5-9522350624ab,V-62 TRANSPARENTE,Storable Product,Mango,$0.00,V-62 TRANSPSRENTE
1d404e9e-a76e-4a9f-9f99-cba64c65ac78,V-82 BLANCO P/GLOSS,Storable Product,Mango,$1.00,V-82 BLANCO P/GLOSS
5df89e98-d60a-48b4-afc7-905c7e510b5b,V-82 BLANCO TRATAMIENTO NOCTURNO,Storable Product,Mango,$0.05,V-82 BLANCO TRATAMIENTO NOCTURNO
d6b6733b-4da3-42a9-973e-c3577359b156,V-82 CASQUILLO NATURAL,Storable Product,Mango,$0.05,V-82 CASQUILLO NATURAL
b91748c0-ac45-4a30-8a65-73ab655615f9,V-82 CASQUILLO NEGRO,Storable Product,Mango,$1.00,V-82 CASQUILLO NEGRO
838a9c00-55b3-49ff-95c1-ebc91337d4e2,V-82 NEGRO P/ PERFORAR OJO CHICO,Storable Product,Mango,$0.05,V-82 NEGRO P/ PERFORAR OJO CHICO
9aace172-583d-4104-9a23-6297c7463ccd,V-82 NEGRO P/PERFORAR OJO GRDE,Storable Product,Mango,$0.05,V-82 NEGRO P/ PERFORAR OJO GRDE
295392c7-7f75-4957-a9ad-2a0751ccca57,V-82 NGO  P/PEGAR / ST LILA,Storable Product,Producto Final,$0.00,V-82 NGO P/ PEGAR  / ST LILA
94183c78-99ec-4553-b4cf-9f7d238ed81d,V-82 NGO CEP. PINO BARRADAS,Storable Product,Producto Final,$1.00,V-82 NGO CEP.PINO BARRADAS
62cad979-8d03-4eb2-ab7d-e6fbe4f0f747,V-82 NGO CEP.BALA U.M.,Storable Product,Producto Final,$1.00,V-82 NGO CEP. BALA U.M.
54313969-aa30-4b87-9c63-9f98e897b0bd,V-82 NGO. BALA BARRADAS,Storable Product,Producto Final,$0.00,V-82 NGO. BALA BARRADAS
0bcf5df3-80c6-488a-95c9-2bb688611a48,V-82 NGO. PINO U.M.,Storable Product,Producto Final,$0.00,V-82 NGO. PINO U.M.
ce15543e-3479-4c5e-a42a-57beaab08dad,V-82 P/PEGAR MODIFICADO NEGRO,Storable Product,Mango,$0.00,V-82 P/PEGAR MODIFICADO NEGRO
3e2d1503-d854-4aea-9777-5ada7e058810,V-82 TRANSP.C/ROSCA P/PEGAR,Storable Product,Mango,$0.05,V-82 TRANS.ROSCA P/  PEGAR
0a685f97-c69a-45a6-9478-a106cea84b7a,V-82 TRANSPARENTE  BALA  NGO,Storable Product,Producto Final,$1.00,V-82 TRANSPARENTE BALA NGO
23e86450-e6e8-4eb5-b2cc-618cc1bfae0c,V-82 TRANSPARENTE -BALA TRANSPARENTE,Storable Product,Producto Final,$1.00,V-82 TRANSPARENTE- BALA TRANSPARENTE
e102fdf4-07dd-4df0-b448-8c0898dbc84e,VERDE AGUA -PALILLO -,Storable Product,Materia Prima / Pigmentos,$1.00,VERDE AGUA  - PALILLO - 7367     PICOSA
41d1890f-6306-47c8-a7c0-9ed3984d4521,VERDE AQUA 0506,Storable Product,Materia Prima / Pigmentos,$1.00,VERDE AQUA 0506     PICOSA
df659a7f-8157-4367-b764-df548fb56c32,VERDE BARRADAS,Storable Product,Materia Prima / Pigmentos,$1.00,VERDE BARRADAS 0550      PICOSA
26da3b10-9abe-4167-8721-8c70d2261bf9,VERDE CONVITE 52418,Storable Product,Materia Prima / Pigmentos,$250.00,VERDE CONVITE 52418     PICOSA
8afce5cd-9a4d-4a87-95d0-469342a2264f,VERDE LEMONCINO  0797,Storable Product,Materia Prima / Pigmentos,$250.00,VERDE LEMONCINO  0797     PICOSA
31140dc8-bb51-48a5-8477-29415dda3155,VERDE S/T 72780,Storable Product,Materia Prima / Pigmentos,$1.00,VERDE S/T 72780     GAMACOLOR
ae3c25ce-6dc9-4a5e-a803-db7f62ad1ccc,VINO 0893,Storable Product,Materia Prima / Pigmentos,$250.00,VINO 0893     PICOSA
3ed4bebb-64d2-43e0-bbcf-afe6651eade8,VIOLETA  PEACH  0323,Storable Product,Materia Prima / Pigmentos,$250.00,VIOLETA PEACH  0323   PICOSA
8a58247f-333b-42b5-83c4-97e0d0abcce4,VIOLETA 51712,Storable Product,Materia Prima / Pigmentos,$1.00,VIOLETA 51712    GAMACOLOR
e08a32f2-4c5d-4317-8a1c-78b5ca21c85f,VIOLETA BLACKBERRY  0324,Storable Product,Materia Prima / Pigmentos,$250.00,VIOLETA BLACKBERRY  0324    PICOSA
c27075d3-7ec3-4327-a971-a3f65390c14a,WATER MELON 0644,Storable Product,Materia Prima / Pigmentos,$250.00,WATER MELON 0644    PICOSA
